Workbook

Sheet Summary
A1: DrainTarPit water-pool volume tests: summary
A2: Verdict: with the default config at the low site, the pool loses nearly all its water within ~25 s of the last pour. At the high site, and with PoolShedFilm off, it holds 100%.
A4: Inputs (edit the yellow cells)
A6: Pass threshold: final volume as share of poured | B6: 0.95 | C6: Assumption chosen by me; every run was either ~100% or below 50%.
A7: Low-site cutoff: terrain above sea (m), below this = low site | B7: 5 | C7: Assumption: the logs show two clusters, 3.3-4.0 m and 11.8 m. The true cutoff is unknown.
A9: Headline numbers
A10: Total runs | B10: =COUNTA(Results!$A$5:$A$19) -> 15
A11: Runs that hold the water | B11: =COUNTIF(Results!$Q$5:$Q$19,"Holds") -> 12
A12: Runs that lose water | B12: =COUNTIF(Results!$Q$5:$Q$19,"Loses water") -> 3
A13: Avg kept after last stroke, losing runs | B13: =IFERROR(AVERAGEIFS(Results!$O$5:$O$19,Results!$Q$5:$Q$19,"Loses water"),0) -> 0.40868056
A14: Avg final volume, losing runs | B14: =IFERROR(AVERAGEIFS(Results!$P$5:$P$19,Results!$Q$5:$Q$19,"Loses water"),0) -> 0.005
A15: Worst final volume (any run) | B15: =MIN(Results!$P$5:$P$19) -> 0.001875
A16: Low-site runs | B16: =COUNTIF(Results!$C$5:$C$19,"<"&$B$7) -> 9
A17: Low-site runs that lose water | B17: =COUNTIFS(Results!$C$5:$C$19,"<"&$B$7,Results!$Q$5:$Q$19,"Loses water") -> 3
A18: High-site runs that lose water | B18: =COUNTIFS(Results!$C$5:$C$19,">="&$B$7,Results!$Q$5:$Q$19,"Loses water") -> 0
A19: Runs where the hypothesis matches the outcome | B19: =COUNTIF(Results!$T$5:$T$19,"Match") -> 15
A22: Low-site runs by mode and PoolShedFilm
A23: Mode / PoolShedFilm | B23: Runs | C23: Runs losing water
A24: Flood + shed On | B24: =COUNTIFS(Results!$C$5:$C$19,"<"&$B$7,Results!$E$5:$E$19,"Flood",Results!$J$5:$J$19,"On") -> 4 | C24: =COUNTIFS(Results!$C$5:$C$19,"<"&$B$7,Results!$E$5:$E$19,"Flood",Results!$J$5:$J$19,"On",Results!$Q$5:$Q$19,"Loses water") -> 3
A25: Flood + shed Off | B25: =COUNTIFS(Results!$C$5:$C$19,"<"&$B$7,Results!$E$5:$E$19,"Flood",Results!$J$5:$J$19,"Off") -> 3 | C25: =COUNTIFS(Results!$C$5:$C$19,"<"&$B$7,Results!$E$5:$E$19,"Flood",Results!$J$5:$J$19,"Off",Results!$Q$5:$Q$19,"Loses water") -> 0
A26: Inject + shed On | B26: =COUNTIFS(Results!$C$5:$C$19,"<"&$B$7,Results!$E$5:$E$19,"Inject",Results!$J$5:$J$19,"On") -> 1 | C26: =COUNTIFS(Results!$C$5:$C$19,"<"&$B$7,Results!$E$5:$E$19,"Inject",Results!$J$5:$J$19,"On",Results!$Q$5:$Q$19,"Loses water") -> 0
A27: Inject + shed Off | B27: =COUNTIFS(Results!$C$5:$C$19,"<"&$B$7,Results!$E$5:$E$19,"Inject",Results!$J$5:$J$19,"Off") -> 1 | C27: =COUNTIFS(Results!$C$5:$C$19,"<"&$B$7,Results!$E$5:$E$19,"Inject",Results!$J$5:$J$19,"Off",Results!$Q$5:$Q$19,"Loses water") -> 0
A29: Flood + shed on is the only combination that loses water. The one exception (Single 3) also had PoolWalls and PoolRunoff off, so shed film needs at least one of those on.

Sheet Results
A1: DrainTarPit tank-flood tests, 2026-10-18 (dll built 14:42:47)
A2: Source: [ptest] TANK RESULT lines in the BepInEx log, 16:04-16:15. Blue = value copied from the log; black = formula. 'Level spikes' judged from the log's 'spread' column (single-sample jumps in level).
A4: Run | B4: Test | C4: Site terrain above sea (m) | D4: Wall cells | E4: Mode | F4: WaterFlow | G4: PitFlowBoost | H4: PoolWalls | I4: PoolOverflow | J4: PoolShedFilm | K4: PoolRunoff | L4: Poured (m3) | M4: Kept after last stroke (m3) | N4: Final after 25 s (m3) | O4: Kept % | P4: Final % | Q4: Outcome | R4: Level spikes seen | S4: Hypothesis: loss conditions met | T4: Hypothesis vs outcome
A5: Single 1 | B5: Default config | C5: 3.97 | D5: 2719 | E5: Flood | F5: 4 | G5: 9 | H5: On | I5: On | J5: On | K5: On | L5: 48 | M5: 17.5 | N5: 0.09 | O5: =IF(L5>0,M5/L5,0) -> 0.36458333 | P5: =IF(L5>0,N5/L5,0) -> 0.001875 | Q5: =IF(P5>=Summary!$B$6,"Holds","Loses water") -> Loses water | R5: Yes | S5: =IF(AND(E5="Flood",J5="On",OR(H5="On",K5="On"),C5<Summary!$B$7),"Yes","No") -> Yes | T5: =IF((S5="Yes")=(Q5="Loses water"),"Match","Mismatch") -> Match
A6: Single 2 | B6: Default config | C6: 3.86 | D6: 2378 | E6: Flood | F6: 4 | G6: 9 | H6: On | I6: On | J6: On | K6: On | L6: 48 | M6: 22.49 | N6: 0.46 | O6: =IF(L6>0,M6/L6,0) -> 0.46854167 | P6: =IF(L6>0,N6/L6,0) -> 0.0095833333 | Q6: =IF(P6>=Summary!$B$6,"Holds","Loses water") -> Loses water | R6: Yes | S6: =IF(AND(E6="Flood",J6="On",OR(H6="On",K6="On"),C6<Summary!$B$7),"Yes","No") -> Yes | T6: =IF((S6="Yes")=(Q6="Loses water"),"Match","Mismatch") -> Match
A7: Single 3 | B7: PoolWalls and PoolRunoff off | C7: 3.95 | D7: 0 | E7: Flood | F7: 4 | G7: 9 | H7: Off | I7: On | J7: On | K7: Off | L7: 48 | M7: 48 | N7: 48 | O7: =IF(L7>0,M7/L7,0) -> 1 | P7: =IF(L7>0,N7/L7,0) -> 1 | Q7: =IF(P7>=Summary!$B$6,"Holds","Loses water") -> Holds | R7: No | S7: =IF(AND(E7="Flood",J7="On",OR(H7="On",K7="On"),C7<Summary!$B$7),"Yes","No") -> No | T7: =IF((S7="Yes")=(Q7="Loses water"),"Match","Mismatch") -> Match
A8: Matrix 1 | B8: A default flood | C8: 11.82 | D8: 699 | E8: Flood | F8: 4 | G8: 9 | H8: On | I8: On | J8: On | K8: On | L8: 48 | M8: 48 | N8: 48 | O8: =IF(L8>0,M8/L8,0) -> 1 | P8: =IF(L8>0,N8/L8,0) -> 1 | Q8: =IF(P8>=Summary!$B$6,"Holds","Loses water") -> Holds | R8: No | S8: =IF(AND(E8="Flood",J8="On",OR(H8="On",K8="On"),C8<Summary!$B$7),"Yes","No") -> No | T8: =IF((S8="Yes")=(Q8="Loses water"),"Match","Mismatch") -> Match
A9: Matrix 1 | B9: B default inject | C9: 11.83 | D9: 709 | E9: Inject | F9: 4 | G9: 9 | H9: On | I9: On | J9: On | K9: On | L9: 48 | M9: 48 | N9: 48 | O9: =IF(L9>0,M9/L9,0) -> 1 | P9: =IF(L9>0,N9/L9,0) -> 1 | Q9: =IF(P9>=Summary!$B$6,"Holds","Loses water") -> Holds | R9: No | S9: =IF(AND(E9="Flood",J9="On",OR(H9="On",K9="On"),C9<Summary!$B$7),"Yes","No") -> No | T9: =IF((S9="Yes")=(Q9="Loses water"),"Match","Mismatch") -> Match
A10: Matrix 1 | B10: C no shed, flood | C10: 11.83 | D10: 709 | E10: Flood | F10: 4 | G10: 9 | H10: On | I10: On | J10: Off | K10: On | L10: 48 | M10: 48 | N10: 48 | O10: =IF(L10>0,M10/L10,0) -> 1 | P10: =IF(L10>0,N10/L10,0) -> 1 | Q10: =IF(P10>=Summary!$B$6,"Holds","Loses water") -> Holds | R10: No | S10: =IF(AND(E10="Flood",J10="On",OR(H10="On",K10="On"),C10<Summary!$B$7),"Yes","No") -> No | T10: =IF((S10="Yes")=(Q10="Loses water"),"Match","Mismatch") -> Match
A11: Matrix 1 | B11: D no shed, no boost, flood | C11: 11.83 | D11: 709 | E11: Flood | F11: 4 | G11: 1 | H11: On | I11: On | J11: Off | K11: On | L11: 48 | M11: 48 | N11: 48 | O11: =IF(L11>0,M11/L11,0) -> 1 | P11: =IF(L11>0,N11/L11,0) -> 1 | Q11: =IF(P11>=Summary!$B$6,"Holds","Loses water") -> Holds | R11: No | S11: =IF(AND(E11="Flood",J11="On",OR(H11="On",K11="On"),C11<Summary!$B$7),"Yes","No") -> No | T11: =IF((S11="Yes")=(Q11="Loses water"),"Match","Mismatch") -> Match
A12: Matrix 1 | B12: E no shed, no boost, slow flow, inject | C12: 11.83 | D12: 709 | E12: Inject | F12: 1 | G12: 1 | H12: On | I12: On | J12: Off | K12: On | L12: 48 | M12: 48 | N12: 48 | O12: =IF(L12>0,M12/L12,0) -> 1 | P12: =IF(L12>0,N12/L12,0) -> 1 | Q12: =IF(P12>=Summary!$B$6,"Holds","Loses water") -> Holds | R12: No | S12: =IF(AND(E12="Flood",J12="On",OR(H12="On",K12="On"),C12<Summary!$B$7),"Yes","No") -> No | T12: =IF((S12="Yes")=(Q12="Loses water"),"Match","Mismatch") -> Match
A13: Matrix 1 | B13: F no shed, no overflow, no runoff, flood | C13: 11.83 | D13: 709 | E13: Flood | F13: 4 | G13: 9 | H13: On | I13: Off | J13: Off | K13: Off | L13: 48 | M13: 48 | N13: 48 | O13: =IF(L13>0,M13/L13,0) -> 1 | P13: =IF(L13>0,N13/L13,0) -> 1 | Q13: =IF(P13>=Summary!$B$6,"Holds","Loses water") -> Holds | R13: No | S13: =IF(AND(E13="Flood",J13="On",OR(H13="On",K13="On"),C13<Summary!$B$7),"Yes","No") -> No | T13: =IF((S13="Yes")=(Q13="Loses water"),"Match","Mismatch") -> Match
A14: Matrix 2 | B14: A default flood | C14: 3.31 | D14: 3905 | E14: Flood | F14: 4 | G14: 9 | H14: On | I14: On | J14: On | K14: On | L14: 48 | M14: 18.86 | N14: 0.17 | O14: =IF(L14>0,M14/L14,0) -> 0.39291667 | P14: =IF(L14>0,N14/L14,0) -> 0.0035416667 | Q14: =IF(P14>=Summary!$B$6,"Holds","Loses water") -> Loses water | R14: Yes | S14: =IF(AND(E14="Flood",J14="On",OR(H14="On",K14="On"),C14<Summary!$B$7),"Yes","No") -> Yes | T14: =IF((S14="Yes")=(Q14="Loses water"),"Match","Mismatch") -> Match
A15: Matrix 2 | B15: B default inject | C15: 3.98 | D15: 3445 | E15: Inject | F15: 4 | G15: 9 | H15: On | I15: On | J15: On | K15: On | L15: 48 | M15: 48 | N15: 48 | O15: =IF(L15>0,M15/L15,0) -> 1 | P15: =IF(L15>0,N15/L15,0) -> 1 | Q15: =IF(P15>=Summary!$B$6,"Holds","Loses water") -> Holds | R15: Yes | S15: =IF(AND(E15="Flood",J15="On",OR(H15="On",K15="On"),C15<Summary!$B$7),"Yes","No") -> No | T15: =IF((S15="Yes")=(Q15="Loses water"),"Match","Mismatch") -> Match
A16: Matrix 2 | B16: C no shed, flood | C16: 3.98 | D16: 3445 | E16: Flood | F16: 4 | G16: 9 | H16: On | I16: On | J16: Off | K16: On | L16: 48 | M16: 48 | N16: 48 | O16: =IF(L16>0,M16/L16,0) -> 1 | P16: =IF(L16>0,N16/L16,0) -> 1 | Q16: =IF(P16>=Summary!$B$6,"Holds","Loses water") -> Holds | R16: Yes | S16: =IF(AND(E16="Flood",J16="On",OR(H16="On",K16="On"),C16<Summary!$B$7),"Yes","No") -> No | T16: =IF((S16="Yes")=(Q16="Loses water"),"Match","Mismatch") -> Match
... A19: Matrix 2 | B19: F no shed, no overflow, no runoff, flood | C19: 3.98 | D19: 3445 | E19: Flood | F19: 4 | G19: 9 | H19: On | I19: Off | J19: Off | K19: Off | L19: 48 | M19: 48 | N19: 48 | O19: =IF(L19>0,M19/L19,0) -> 1 | P19: =IF(L19>0,N19/L19,0) -> 1 | Q19: =IF(P19>=Summary!$B$6,"Holds","Loses water") -> Holds | R19: Yes | S19: =IF(AND(E19="Flood",J19="On",OR(H19="On",K19="On"),C19<Summary!$B$7),"Yes","No") -> No | T19: =IF((S19="Yes")=(Q19="Loses water"),"Match","Mismatch") -> Match
A21: Note: the 'Hypothesis' columns encode a guess fitted to these 15 runs (flood mode + PoolShedFilm on + (PoolWalls or PoolRunoff on) + site below the low-site cutoff on Summary). It matches all runs but is not proven; see Findings.

Sheet Findings
A1: Findings, caveats and next tests
A3: Section | B3: Point
A4: What loses water | B4: In failing runs the pool decays about 25% per second, in steps ('DROP ... without a pour'). Only 0.1-0.5 m3 of 48 m3 is left at the end.
A5: What loses water | B5: In matrix 2 test A the pool collapses at t=18 s: cell count jumps from 441 to 8680 and spill4 falls from 39.1 to 32.6, so the walls hold nothing. This is the 'back to ground level' symptom.
A6: What loses water | B6: The mod's own budget reports 'stayed 48.00 ... lost 0.00 shedEdge 0.00', so the volume leaves through a path the mod does not count.
A7: Trigger | B7: Turning PoolShedFilm off (matrix 2 C) fixes it. Inject mode (matrix 2 B) is fine even with shed on. So the loss needs PoolShedFilm on in flood mode.
A8: Trigger | B8: Single 3 had shed on and flood mode but also PoolWalls and PoolRunoff off, and it held 100%. So shed also needs PoolWalls or PoolRunoff on.
A9: Trigger | B9: Site matters: at the high site (699-709 wall cells) even the default config held; at the low site (2378-3905 wall cells) it failed.
A10: Second problem | B10: At the low site with PoolWalls on, the level column briefly jumps 0.1-1.7 m about once a second, even when no volume is lost. Not seen with PoolWalls off or at the high site. Unknown whether it is a real one-cell spike or a measurement artifact.
A11: Second problem | B11: 'Final level rise' values (2.26, 1.94, 1.82) are single samples caught on a spike. Trust the volume columns instead.
A12: Caveat | B12: In matrix 2, test A ran about 5 m from tests B-F, so A vs C is not perfectly clean. Singles 1 and 2 ran near the B-F site and also failed on default, which supports the result.
A13: Caveat | B13: PoolShedFilm may be what removes the thin film at the pool edge (assumption from the name and PoolFilmDepth=0.05). If so, turning it off as a default brings back the look you disliked; the fix belongs in the shed code.
A14: Caveat | B14: The hypothesis columns on Results are fitted to 15 runs. Treat as a lead, not a result.
... A18: Next test 4 | B18: Log the volume removed per call in the shed pass; the budget currently reads 0.
